{"cameraMode":{"drawMode":0,"name":"Shaded","section":"Shading Mode"},"sceneLighting":false,"audioPlay":false,"sceneViewState":{"showFog":true,"showMaterialUpdate":false,"showSkybox":true,"showFlares":true,"showImageEffects":true,"showParticleSystems":true},"in2DMode":false,"pivot":{"x":0.19528573751449586,"y":-0.04323497414588928,"z":0.05195581912994385},"rotation":{"x":-0.0571758933365345,"y":0.05736277252435684,"z":-0.0032937165815383198,"w":-0.996709406375885},"size":0.6287344694137573,"orthographic":false}